Year,Experimental Plot Number,Replication,Treatment Number,Crop Rotation,Current Crop,Crop Yield kgha,Fertilizer Nitrogen kg/ha, crop seeds or plant number/ha,Yield $/ha,seed $/ha,$/ha Herbicide (Pre),$/ha Herbicide (incrop),$/ha Herbicide (post),Herbicide cost,Fertilizer cost $,machinery cost (planting),machinery cost (ferti app),machinery cost (harvesting),Machinery use (herbicide app),Production cost $/ha,Net revenue $/ha,Gross revenue $/ha
2017,104,1,29,COWwS,Corn,8772.60,122.19,59994.62,1070.26,158.99,65.95,33.58,12.28,111.81,94.09,47.92,17.91,132.64,51.87,615.22,455.04,1070.26
2017,105,1,28,CSSwP,Pea,3397.52,.,741315.00,883.36,34.32,38.75,.,12.28,51.03,0.00,47.18,,124.86,34.58,291.97,591.39,883.36
2017,106,1,37,CCC,CornHigh,8177.97,132.28,59994.62,997.71,158.99,65.95,33.58,12.28,111.81,101.85,47.92,17.91,132.64,51.87,622.99,374.73,997.71
2017,108,1,30,COWwS,Oat,2466.95,131.16,3229170.00,416.91,37.14,.,11.89,12.28,24.17,100.99,43.10,17.91,84.10,34.58,341.99,74.92,416.91
2017,110,1,20,CSSwSf,Sun,3590.23,110.98,66718.35,1328.38,100.08,62.70,.,.,62.70,85.45,47.18,17.91,124.86,17.29,455.46,872.92,1328.38
2017,113,1,34,CS,Soy,3888.00,.,301468.10,1275.26,99.48,14.09,11.98,.,26.07,0.00,47.18,,124.86,34.58,332.17,943.09,1275.26
2017,117,1,12,CPWwS,Soy,5623.17,.,301468.10,1844.40,99.48,14.09,11.98,.,26.07,0.00,47.18,,124.86,34.58,332.17,1512.23,1844.40
2017,118,1,26,CSSwP,Soy,5208.55,.,301468.10,1708.41,99.48,14.09,11.98,.,26.07,0.00,47.18,,124.86,34.58,332.17,1376.24,1708.41
2017,120,1,11,CPWwS,Wwheat,4461.60,104.25,3444448.00,829.86,31.28,.,.,12.28,12.28,80.27,43.10,17.91,84.10,17.29,286.23,543.62,829.86
2017,122,1,19,CSSwSf,Swheat,1591.54,112.10,3444448.00,359.69,35.82,.,11.89,12.28,24.17,86.32,43.10,17.91,84.10,34.58,326.01,33.68,359.69
2017,123,1,9,CPWwS,Corn,9816.77,122.19,59994.62,1197.65,158.99,65.95,33.58,12.28,111.81,94.09,47.92,17.91,132.64,51.87,615.22,582.43,1197.65
2017,124,1,18,CSSwSf,Soy,3596.25,.,301468.10,1179.57,99.48,14.09,11.98,,26.07,0.00,47.18,,124.86,34.58,332.17,847.40,1179.57
2017,125,1,10,CPWwS,Pea,2841.80,.,741315.00,738.87,34.32,38.75,.,12.28,51.03,0.00,47.18,,124.86,34.58,291.97,446.90,738.87
2017,129,1,32,COWwS,Soy,5364.47,.,301468.10,1759.55,99.48,14.09,11.98,.,26.07,0.00,47.18,,124.86,34.58,332.17,1427.38,1759.55
2017,130,1,27,CSSwP,Swheat,1856.10,112.10,3444448.00,419.48,35.82,,11.89,12.28,24.17,86.32,43.10,17.91,84.10,34.58,326.01,93.47,419.48
2017,131,1,25,CSSwP,Corn,11441.30,113.22,59994.62,1395.84,158.99,65.95,33.58,12.28,111.81,87.18,47.92,17.91,132.64,51.87,608.31,787.53,1395.84
2017,132,1,31,COWwS,Wwheat,3403.56,95.29,3444448.00,633.06,31.28,.,.,12.28,12.28,73.37,43.10,17.91,84.10,17.29,279.33,353.73,633.06
2017,133,1,33,CS,Corn,8707.44,122.19,59994.62,1062.31,158.99,65.95,33.58,12.28,111.81,94.09,47.92,17.91,132.64,51.87,615.22,447.09,1062.31
2017,136,1,17,CSSwSf,Corn,9614.36,122.19,59994.62,1172.95,158.99,65.95,33.58,12.28,111.81,94.09,47.92,17.91,132.64,51.87,615.22,557.73,1172.95
2017,201,2,37,CCC,CornHigh,10656.20,132.28,59994.62,1300.06,158.99,65.95,33.58,12.28,111.81,101.85,47.92,17.91,132.64,51.87,622.99,677.07,1300.06
2017,204,2,31,COWwS,Wwheat,3305.86,95.29,3444448.00,614.89,31.28,.,.,12.28,12.28,73.37,43.10,17.91,84.10,17.29,279.33,335.56,614.89
2017,205,2,18,CSSwSf,Soy,3637.32,.,301468.10,1193.04,99.48,14.09,11.98,.,26.07,0.00,47.18,,124.86,34.58,332.17,860.87,1193.04
2017,206,2,11,CPWwS,Wwheat,4078.07,104.25,3444448.00,758.52,31.28,.,.,12.28,12.28,80.27,43.10,17.91,84.10,17.29,286.23,472.29,758.52
2017,207,2,29,COWwS,Corn,10094.38,122.19,59994.62,1231.51,158.99,65.95,33.58,12.28,111.81,94.09,47.92,17.91,132.64,51.87,615.22,616.30,1231.51
2017,209,2,17,CSSwSf,Corn,8431.21,122.19,59994.62,1028.61,158.99,65.95,33.58,12.28,111.81,94.09,47.92,17.91,132.64,51.87,615.22,413.39,1028.61
2017,213,2,26,CSSwP,Soy,3750.26,.,301468.10,1230.09,99.48,14.09,11.98,.,26.07,0.00,47.18,,124.86,34.58,332.17,897.92,1230.09
2017,217,2,25,CSSwP,Corn,11336.20,113.22,59994.62,1383.02,158.99,65.95,33.58,12.28,111.81,87.18,47.92,17.91,132.64,51.87,608.31,774.70,1383.02
2017,220,2,33,CS,Corn,6546.51,122.19,59994.62,798.67,158.99,65.95,33.58,12.28,111.81,94.09,47.92,17.91,132.64,51.87,615.22,183.46,798.67
2017,221,2,10,CPWwS,Pea,3185.95,.,741315.00,828.35,34.32,38.75,.,12.28,51.03,0.00,47.18,,124.86,34.58,291.97,536.38,828.35
2017,222,2,12,CPWwS,Soy,4389.80,.,301468.10,1439.85,99.48,14.09,11.98,.,26.07,0.00,47.18,,124.86,34.58,332.17,1107.69,1439.85
2017,223,2,30,COWwS,Oat,2212.17,131.16,3229170.00,373.86,37.14,.,11.89,12.28,24.17,100.99,43.10,17.91,84.10,34.58,341.99,31.86,373.86
2017,227,2,27,CSSwP,Swheat,1727.05,112.10,3444448.00,390.31,35.82,.,11.89,12.28,24.17,86.32,43.10,17.91,84.10,34.58,326.01,64.31,390.31
2017,230,2,34,CS,Soy,3540.27,.,301468.10,1161.21,99.48,14.09,11.98,.,26.07,0.00,47.18,,124.86,34.58,332.17,829.04,1161.21
2017,231,2,19,CSSwSf,Swheat,919.80,112.10,3444448.00,207.88,35.82,.,11.89,12.28,24.17,86.32,43.10,17.91,84.10,34.58,326.01,-118.13,207.88
2017,232,2,32,COWwS,Soy,4649.04,.,301468.10,1524.88,99.48,14.09,11.98,.,26.07,0.00,47.18,,124.86,34.58,332.17,1192.72,1524.88
2017,233,2,28,CSSwP,Pea,4860.65,.,741315.00,1263.77,34.32,38.75,.,12.28,51.03,0.00,47.18,,124.86,34.58,291.97,971.80,1263.77
2017,234,2,20,CSSwSf,Sun,3445.40,110.98,66718.35,1274.80,100.08,62.70,.,.,62.70,85.45,47.18,17.91,124.86,17.29,455.46,819.34,1274.80
2017,235,2,9,CPWwS,Corn,8904.67,122.19,59994.62,1086.37,158.99,65.95,33.58,12.28,111.81,94.09,47.92,17.91,132.64,51.87,615.22,471.15,1086.37
2017,301,3,27,CSSwP,Swheat,1727.05,112.10,3444448.00,390.31,35.82,.,11.89,12.28,24.17,86.32,43.10,17.91,84.10,34.58,326.01,64.31,390.31
2017,302,3,10,CPWwS,Pea,2839.48,.,741315.00,738.27,34.32,38.75,.,12.28,51.03,0.00,47.18,,124.86,34.58,291.97,446.30,738.27
2017,303,3,32,COWwS,Soy,4859.81,.,301468.10,1594.02,99.48,14.09,11.98,.,26.07,0.00,47.18,,124.86,34.58,332.17,1261.85,1594.02
2017,304,3,11,CPWwS,Wwheat,3087.00,104.25,3444448.00,574.18,31.28,.,.,12.28,12.28,80.27,43.10,17.91,84.10,17.29,286.23,287.95,574.18
2017,307,3,37,CCC,CornHigh,7932.79,132.28,59994.62,967.80,158.99,65.95,33.58,12.28,111.81,101.85,47.92,17.91,132.64,51.87,622.99,344.82,967.80
2017,310,3,34,CS,Soy,2624.95,.,301468.10,860.98,99.48,14.09,11.98,.,26.07,0.00,47.18,,124.86,34.58,332.17,528.81,860.98
2017,312,3,12,CPWwS,Soy,3913.44,.,301468.10,1283.61,99.48,14.09,11.98,.,26.07,0.00,47.18,,124.86,34.58,332.17,951.44,1283.61
2017,313,3,20,CSSwSf,Sun,2137.05,110.98,66718.35,790.71,100.08,62.70,.,.,62.70,85.45,47.18,17.91,124.86,17.29,455.46,335.25,790.71
2017,314,3,26,CSSwP,Soy,3263.26,.,301468.10,1070.35,99.48,14.09,11.98,.,26.07,0.00,47.18,,124.86,34.58,332.17,738.18,1070.35
2017,318,3,31,COWwS,Wwheat,3449.83,95.29,3444448.00,641.67,31.28,.,.,12.28,12.28,73.37,43.10,17.91,84.10,17.29,279.33,362.34,641.67
2017,321,3,19,CSSwSf,Swheat,919.80,112.10,3444448.00,207.88,35.82,.,11.89,12.28,24.17,86.32,43.10,17.91,84.10,34.58,326.01,-118.13,207.88
2017,323,3,25,CSSwP,Corn,10111.56,113.22,59994.62,1233.61,158.99,65.95,33.58,12.28,111.81,87.18,47.92,17.91,132.64,51.87,608.31,625.30,1233.61
2017,327,3,28,CSSwP,Pea,4627.94,.,741315.00,1203.27,34.32,38.75,.,12.28,51.03,0.00,47.18,,124.86,34.58,291.97,911.30,1203.27
2017,328,3,30,COWwS,Oat,2412.90,131.16,3229170.00,407.78,37.14,.,11.89,12.28,24.17,100.99,43.10,17.91,84.10,34.58,341.99,65.79,407.78
2017,330,3,29,COWwS,Corn,9857.06,122.19,59994.62,1202.56,158.99,65.95,33.58,12.28,111.81,94.09,47.92,17.91,132.64,51.87,615.22,587.34,1202.56
2017,332,3,33,CS,Corn,7669.79,122.19,59994.62,935.71,158.99,65.95,33.58,12.28,111.81,94.09,47.92,17.91,132.64,51.87,615.22,320.50,935.71
2017,333,3,9,CPWwS,Corn,9578.33,122.19,59994.62,1168.56,158.99,65.95,33.58,12.28,111.81,94.09,47.92,17.91,132.64,51.87,615.22,553.34,1168.56
2017,336,3,18,CSSwSf,Soy,4213.69,.,301468.10,1382.09,99.48,14.09,11.98,.,26.07,0.00,47.18,,124.86,34.58,332.17,1049.92,1382.09
2017,337,3,17,CSSwSf,Corn,8417.97,122.19,59994.62,1026.99,158.99,65.95,33.58,12.28,111.81,94.09,47.92,17.91,132.64,51.87,615.22,411.78,1026.99
2017,402,4,30,COWwS,Oat,2069.59,131.16,3229170.00,349.76,37.14,.,11.89,12.28,24.17,100.99,43.10,17.91,84.10,34.58,341.99,7.77,349.76
2017,404,4,11,CPWwS,Wwheat,3691.33,104.25,3444448.00,686.59,31.28,.,.,12.28,12.28,80.27,43.10,17.91,84.10,17.29,286.23,400.35,686.59
2017,406,4,17,CSSwSf,Corn,9006.36,122.19,59994.62,1098.78,158.99,65.95,33.58,12.28,111.81,94.09,47.92,17.91,132.64,51.87,615.22,483.56,1098.78
2017,407,4,10,CPWwS,Pea,3510.90,.,741315.00,912.83,34.32,38.75,.,12.28,51.03,0.00,47.18,,124.86,34.58,291.97,620.87,912.83
2017,408,4,12,CPWwS,Soy,4191.17,.,301468.10,1374.70,99.48,14.09,11.98,.,26.07,0.00,47.18,,124.86,34.58,332.17,1042.54,1374.70
2017,409,4,29,COWwS,Corn,9769.02,122.19,59994.62,1191.82,158.99,65.95,33.58,12.28,111.81,94.09,47.92,17.91,132.64,51.87,615.22,576.60,1191.82
2017,411,4,25,CSSwP,Corn,10063.74,113.22,59994.62,1227.78,158.99,65.95,33.58,12.28,111.81,87.18,47.92,17.91,132.64,51.87,608.31,619.46,1227.78
2017,413,4,31,COWwS,Wwheat,3853.46,95.29,3444448.00,716.74,31.28,.,.,12.28,12.28,73.37,43.10,17.91,84.10,17.29,279.33,437.42,716.74
2017,419,4,19,CSSwSf,Swheat,919.80,112.10,3444448.00,207.88,35.82,.,11.89,12.28,24.17,86.32,43.10,17.91,84.10,34.58,326.01,-118.13,207.88
2017,420,4,37,CCC,CornHigh,8882.85,132.28,59994.62,1083.71,158.99,65.95,33.58,12.28,111.81,101.85,47.92,17.91,132.64,51.87,622.99,460.72,1083.71
2017,421,4,9,CPWwS,Corn,8825.30,122.19,59994.62,1076.69,158.99,65.95,33.58,12.28,111.81,94.09,47.92,17.91,132.64,51.87,615.22,461.47,1076.69
2017,422,4,27,CSSwP,Swheat,1727.05,112.10,3444448.00,390.31,35.82,,11.89,12.28,24.17,86.32,43.10,17.91,84.10,34.58,326.01,64.31,390.31
2017,423,4,32,COWwS,Soy,4802.85,.,301468.10,1575.34,99.48,14.09,11.98,.,26.07,0.00,47.18,,124.86,34.58,332.17,1243.17,1575.34
2017,426,4,26,CSSwP,Soy,3315.41,.,301468.10,1087.46,99.48,14.09,11.98,.,26.07,0.00,47.18,,124.86,34.58,332.17,755.29,1087.46
2017,427,4,34,CS,Soy,3075.70,.,301468.10,1008.83,99.48,14.09,11.98,.,26.07,0.00,47.18,,124.86,34.58,332.17,676.66,1008.83
2017,430,4,18,CSSwSf,Soy,3248.91,.,301468.10,1065.64,99.48,14.09,11.98,.,26.07,0.00,47.18,,124.86,34.58,332.17,733.47,1065.64
2017,431,4,28,CSSwP,Pea,4825.16,.,741315.00,1254.54,34.32,38.75,.,12.28,51.03,0.00,47.18,,124.86,34.58,291.97,962.58,1254.54
2017,432,4,20,CSSwSf,Sun,3158.30,110.98,66718.35,1168.57,100.08,62.70,.,.,62.70,85.45,47.18,17.91,124.86,17.29,455.46,713.11,1168.57
2017,434,4,33,CS,Corn,6655.57,122.19,59994.62,811.98,158.99,65.95,33.58,12.28,111.81,94.09,47.92,17.91,132.64,51.87,615.22,196.76,811.98
2018,104,1,29,COWwS,Oat,3935.60,122.19,3229170.00,724.15,45.21,12.28,.,14.09,26.37,98.97,41.74,17.04,79.78,32.60,341.72,382.43,724.15
2018,105,1,28,CSSwP,Corn,9679.19,119.95,61776.25,1287.33,163.71,65.95,6.34,.,72.28,97.16,47.30,17.04,125.85,32.60,555.94,731.39,1287.33
2018,106,1,37,CCC,CornHigh,5515.73,132.28,61776.25,733.59,163.71,65.95,6.34,.,72.28,107.15,47.30,17.04,125.85,32.60,565.93,167.66,733.59
2018,108,1,30,COWwS,Wwheat,2836.65,122.19,3444448.00,533.29,31.28,.,8.75,14.09,22.84,98.97,41.74,17.04,79.78,32.60,324.26,209.03,533.29
2018,110,1,20,CSSwSf,Corn,8661.19,132.28,61776.25,1151.94,163.71,65.95,6.34,.,72.28,107.15,47.30,17.04,125.85,32.60,565.93,586.01,1151.94
2018,113,1,34,CS,Corn,7906.01,132.28,61776.25,1051.50,163.71,65.95,6.34,.,72.28,107.15,47.30,17.04,125.85,32.60,565.93,485.57,1051.50
2018,117,1,12,CPWwS,Corn,10175.67,119.95,61776.25,1353.36,163.71,65.95,6.34,.,72.28,97.16,47.30,17.04,125.85,32.60,555.94,797.42,1353.36
2018,118,1,26,CSSwP,Swheat,1500.16,122.19,3444448.00,292.53,41.33,12.28,6.63,.,18.91,98.97,41.74,17.04,79.78,32.60,330.39,-37.86,292.53
2018,120,1,11,CPWwS,Soy,4840.07,.,301468.10,1418.14,99.48,12.28,32.56,.,44.84,0.00,47.67,,120.78,32.60,345.38,1072.76,1418.14
2018,122,1,19,CSSwSf,Sun,5583.08,119.95,66718.35,2009.91,100.08,74.38,.,.,74.38,97.16,47.67,17.04,120.78,16.30,473.41,1536.50,2009.91
2018,123,1,9,CPWwS,Pea,1031.69,.,741315.00,237.29,34.10,38.75,.,14.09,52.84,0.00,47.67,,120.78,32.60,287.99,-50.71,237.29
2018,124,1,18,CSSwSf,Swheat,1423.28,112.10,3444448.00,277.54,41.33,12.28,6.63,.,18.91,90.80,41.74,17.04,79.78,32.60,322.22,-44.68,277.54
2018,125,1,10,CPWwS,Wwheat,4571.33,112.10,3444448.00,859.41,31.28,.,8.75,14.09,22.84,90.80,41.74,17.04,79.78,32.60,316.09,543.32,835.20
2018,129,1,32,COWwS,Corn,10543.88,132.28,61776.25,1402.34,163.71,65.95,6.34,.,72.28,107.15,47.30,17.04,125.85,32.60,565.93,836.41,1402.34
2018,130,1,27,CSSwP,Pea,3215.98,.,741315.00,739.68,34.10,38.75,.,14.09,52.84,0.00,47.67,.,120.78,32.60,287.99,451.68,739.68
2018,131,1,25,CSSwP,Soy,4582.35,.,301468.10,1342.63,99.48,12.28,32.56,.,44.84,0.00,47.67,.,120.78,32.60,345.38,997.25,1342.63
2018,132,1,31,COWwS,Soy,4589.81,.,301468.10,1344.81,99.48,12.28,32.56,.,44.84,0.00,47.67,.,120.78,32.60,345.38,999.43,1344.81
2018,133,1,33,CS,Soy,3916.05,.,301468.10,1147.40,99.48,12.28,32.56,.,44.84,0.00,47.67,.,120.78,32.60,345.38,802.02,1147.40
2018,136,1,17,CSSwSf,Soy,3529.60,.,301468.10,1034.17,99.48,12.28,32.56,.,44.84,0.00,47.67,.,120.78,32.60,345.38,688.79,1034.17
2018,201,2,37,CCC,CornHigh,7636.96,132.28,61776.25,1015.72,163.71,65.95,6.34,.,72.28,107.15,47.30,17.04,125.85,32.60,565.93,449.79,1015.72
2018,204,2,31,COWwS,Soy,4352.46,.,301468.10,1275.27,99.48,12.28,32.56,.,44.84,0.00,47.67,.,120.78,32.60,345.38,929.89,1275.27
2018,205,2,18,CSSwSf,Swheat,1230.09,112.10,3444448.00,239.87,41.33,12.28,6.63,.,18.91,90.80,41.74,17.04,79.78,32.60,322.22,-82.35,239.87
2018,206,2,11,CPWwS,Soy,4537.03,.,301468.10,1329.35,99.48,12.28,32.56,.,44.84,0.00,47.67,.,120.78,32.60,345.38,983.97,1329.35
2018,207,2,29,COWwS,Oat,4145.33,122.19,3229170.00,762.74,45.21,12.28,.,14.09,26.37,98.97,41.74,17.04,79.78,32.60,341.72,421.02,762.74
2018,209,2,17,CSSwSf,Soy,3784.73,.,301468.10,1108.93,99.48,12.28,32.56,.,44.84,0.00,47.67,.,120.78,32.60,345.38,763.55,1108.93
2018,213,2,26,CSSwP,Swheat,1368.08,122.19,3444448.00,266.78,41.33,12.28,6.63,.,18.91,98.97,41.74,17.04,79.78,32.60,330.39,-63.61,266.78
2018,217,2,25,CSSwP,Soy,5072.53,.,301468.10,1486.25,99.48,12.28,32.56,.,44.84,0.00,47.67,.,120.78,32.60,345.38,1140.87,1486.25
2018,220,2,33,CS,Soy,3595.86,.,301468.10,1053.59,99.48,12.28,32.56,.,44.84,0.00,47.67,.,120.78,32.60,345.38,708.21,1053.59
2018,221,2,10,CPWwS,Wwheat,4193.05,112.10,3444448.00,788.29,31.28,.,8.75,14.09,22.84,90.80,41.74,17.04,79.78,32.60,316.09,472.20,788.29
2018,222,2,12,CPWwS,Corn,8586.98,119.95,61776.25,1142.07,163.71,65.95,6.34,.,72.28,97.16,47.30,17.04,125.85,32.60,555.94,586.13,1142.07
2018,223,2,30,COWwS,Wwheat,2363.95,122.19,3444448.00,444.42,31.28,.,8.75,14.09,22.84,98.97,41.74,17.04,79.78,32.60,324.26,120.16,444.42
2018,227,2,27,CSSwP,Pea,2819.35,.,741315.00,648.45,34.10,38.75,.,14.09,52.84,0.00,47.67,.,120.78,32.60,287.99,360.46,648.45
2018,230,2,34,CS,Corn,7789.77,132.28,61776.25,1036.04,163.71,65.95,6.34,.,72.28,107.15,47.30,17.04,125.85,32.60,565.93,470.11,1036.04
2018,231,2,19,CSSwSf,Sun,3476.27,119.95,66718.35,1251.46,100.08,74.38,.,.,74.38,97.16,47.67,17.04,120.78,16.30,473.41,778.05,1251.46
2018,232,2,32,COWwS,Corn,9680.01,132.28,61776.25,1287.44,163.71,65.95,6.34,.,72.28,107.15,47.30,17.04,125.85,32.60,565.93,721.51,1287.44
2018,233,2,28,CSSwP,Corn,11149.76,119.95,61776.25,1482.92,163.71,65.95,6.34,.,72.28,97.16,47.30,17.04,125.85,32.60,555.94,926.98,1482.92
2018,234,2,20,CSSwSf,Corn,9239.75,132.28,61776.25,1228.89,163.71,65.95,6.34,.,72.28,107.15,47.30,17.04,125.85,32.60,565.93,662.96,1228.89
2018,235,2,9,CPWwS,Pea,1342.44,.,741315.00,308.76,34.10,38.75,.,14.09,52.84,0.00,47.67,.,120.78,32.60,287.99,20.77,308.76
2018,301,3,27,CSSwP,Pea,3067.95,.,741315.00,705.63,34.10,38.75,.,14.09,52.84,0.00,47.67,.,120.78,32.60,287.99,417.63,705.63
2018,302,3,10,CPWwS,Wwheat,3362.86,112.10,3444448.00,632.22,31.28,.,8.75,14.09,22.84,90.80,41.74,17.04,79.78,32.60,316.09,316.13,632.22
2018,303,3,32,COWwS,Corn,9751.34,132.28,61776.25,1296.93,163.71,65.95,6.34,.,72.28,107.15,47.30,17.04,125.85,32.60,565.93,731.00,1296.93
2018,304,3,11,CPWwS,Soy,4484.34,.,301468.10,1313.91,99.48,12.28,32.56,.,44.84,0.00,47.67,.,120.78,32.60,345.38,968.53,1313.91
2018,307,3,37,CCC,CornHigh,4089.18,132.28,61776.25,543.86,163.71,65.95,6.34,.,72.28,107.15,47.30,17.04,125.85,32.60,565.93,-22.07,543.86
2018,310,3,34,CS,Corn,3630.74,132.28,61776.25,482.89,163.71,65.95,6.34,.,72.28,107.15,47.30,17.04,125.85,32.60,565.93,-83.04,482.89
2018,312,3,12,CPWwS,Corn,7409.73,119.95,61776.25,985.49,163.71,65.95,6.34,.,72.28,97.16,47.30,17.04,125.85,32.60,555.94,429.55,985.49
2018,313,3,20,CSSwSf,Corn,5624.03,132.28,61776.25,748.00,163.71,65.95,6.34,.,72.28,107.15,47.30,17.04,125.85,32.60,565.93,182.07,748.00
2018,314,3,26,CSSwP,Swheat,908.77,122.19,3444448.00,177.21,41.33,12.28,6.63,.,18.91,98.97,41.74,17.04,79.78,32.60,330.39,-153.18,177.21
2018,318,3,31,COWwS,Soy,3939.46,.,301468.10,1154.26,99.48,12.28,32.56,.,44.84,0.00,47.67,.,120.78,32.60,345.38,808.88,1154.26
2018,321,3,19,CSSwSf,Sun,2680.97,119.95,66718.35,965.15,100.08,74.38,.,.,74.38,97.16,47.67,17.04,120.78,16.30,473.41,491.74,965.15
2018,323,3,25,CSSwP,Soy,4313.86,.,301468.10,1263.96,99.48,12.28,32.56,.,44.84,0.00,47.67,.,120.78,32.60,345.38,918.58,1263.96
2018,327,3,28,CSSwP,Corn,11607.20,119.95,61776.25,1543.76,163.71,65.95,6.34,.,72.28,97.16,47.30,17.04,125.85,32.60,555.94,987.82,1543.76
2018,328,3,30,COWwS,Wwheat,2911.73,122.19,3444448.00,547.41,31.28,.,8.75,14.09,22.84,98.97,41.74,17.04,79.78,32.60,324.26,223.14,547.41
2018,330,3,29,COWwS,Oat,4146.51,122.19,3229170.00,762.96,45.21,12.28,.,14.09,26.37,98.97,41.74,17.04,79.78,32.60,341.72,421.24,762.96
2018,332,3,33,CS,Soy,3802.42,.,301468.10,1114.11,99.48,12.28,32.56,.,44.84,0.00,47.67,.,120.78,32.60,345.38,768.73,1114.11
2018,333,3,9,CPWwS,Pea,2037.39,.,741315.00,468.60,34.10,38.75,.,14.09,52.84,0.00,47.67,.,120.78,32.60,287.99,180.60,468.60
2018,336,3,18,CSSwSf,Swheat,1642.09,112.10,3444448.00,320.21,41.33,12.28,6.63,.,18.91,90.80,41.74,17.04,79.78,32.60,322.22,-2.01,320.21
2018,337,3,17,CSSwSf,Soy,4113.19,.,301468.10,1205.16,99.48,12.28,32.56,.,44.84,0.00,47.67,.,120.78,32.60,345.38,859.78,1205.16
2018,402,4,30,COWwS,Wwheat,2242.01,122.19,3444448.00,421.50,31.28,.,8.75,14.09,22.84,98.97,41.74,17.04,79.78,32.60,324.26,97.24,421.50
2018,404,4,11,CPWwS,Soy,4481.96,.,301468.10,1313.21,99.48,12.28,32.56,.,44.84,0.00,47.67,.,120.78,32.60,345.38,967.83,1313.21
2018,406,4,17,CSSwSf,Soy,4094.43,.,301468.10,1199.67,99.48,12.28,32.56,.,44.84,0.00,47.67,.,120.78,32.60,345.38,854.29,1199.67
2018,407,4,10,CPWwS,Wwheat,3102.35,112.10,3444448.00,583.24,31.28,.,8.75,14.09,22.84,90.80,41.74,17.04,79.78,32.60,316.09,267.15,583.24
2018,408,4,12,CPWwS,Corn,7662.88,119.95,61776.25,1019.16,163.71,65.95,6.34,.,72.28,97.16,47.30,17.04,125.85,32.60,555.94,463.22,1019.16
2018,409,4,29,COWwS,Oat,3456.90,122.19,3229170.00,636.07,45.21,12.28,.,14.09,26.37,98.97,41.74,17.04,79.78,32.60,341.72,294.35,636.07
2018,411,4,25,CSSwP,Soy,3518.63,.,301468.10,1030.96,99.48,12.28,32.56,.,44.84,0.00,47.67,.,120.78,32.60,345.38,685.58,1030.96
2018,413,4,31,COWwS,Soy,4266.26,.,301468.10,1250.01,99.48,12.28,32.56,.,44.84,0.00,47.67,.,120.78,32.60,345.38,904.63,1250.01
2018,419,4,19,CSSwSf,Sun,2634.34,119.95,66718.35,948.36,100.08,74.38,.,.,74.38,97.16,47.67,17.04,120.78,16.30,473.41,474.96,948.36
2018,420,4,37,CCC,CornHigh,5527.38,132.28,61776.25,735.14,163.71,65.95,6.34,.,72.28,107.15,47.30,17.04,125.85,32.60,565.93,169.21,735.14
2018,421,4,9,CPWwS,Pea,1375.21,.,741315.00,316.30,34.10,38.75,.,14.09,52.84,0.00,47.67,.,120.78,32.60,287.99,28.30,316.30
2018,422,4,27,CSSwP,Pea,2924.44,.,741315.00,672.62,34.10,38.75,.,14.09,52.84,0.00,47.67,.,120.78,32.60,287.99,384.63,672.62
2018,423,4,32,COWwS,Corn,9563.08,132.28,61776.25,1271.89,163.71,65.95,6.34,.,72.28,107.15,47.30,17.04,125.85,32.60,565.93,705.96,1271.89
2018,426,4,26,CSSwP,Swheat,1291.20,122.19,3444448.00,251.78,41.33,12.28,6.63,.,18.91,98.97,41.74,17.04,79.78,32.60,330.39,-78.60,251.78
2018,427,4,34,CS,Corn,7321.23,132.28,61776.25,973.72,163.71,65.95,6.34,.,72.28,107.15,47.30,17.04,125.85,32.60,565.93,407.79,973.72
2018,430,4,18,CSSwSf,Swheat,1452.84,112.10,3444448.00,283.30,41.33,12.28,6.63,.,18.91,90.80,41.74,17.04,79.78,32.60,322.22,-38.91,283.30
2018,431,4,28,CSSwP,Corn,11949.93,119.95,61776.25,1589.34,163.71,65.95,6.34,.,72.28,97.16,47.30,17.04,125.85,32.60,555.94,1033.40,1589.34
2018,432,4,20,CSSwSf,Corn,6387.72,132.28,61776.25,849.57,163.71,65.95,6.34,.,72.28,107.15,47.30,17.04,125.85,32.60,565.93,283.64,849.57
2018,434,4,33,CS,Soy,3657.67,.,301468.10,1071.70,99.48,12.28,32.56,.,44.84,0.00,47.67,.,120.78,32.60,345.38,726.32,1071.70
2019,104,1,29,COWwS,Wwheat,4214.36,125.55,3444448.00,678.51,37.89,14.09,18.55,14.09,46.73,119.27,45.32,18.03,78.79,53.73,399.77,278.74,678.51
2019,105,1,28,CSSwP,Soy,3171.92,.,301468.10,957.92,99.48,14.09,68.89,.,82.98,0.00,50.88,.,127.33,35.82,396.49,561.43,957.92
2019,106,1,37,CCC,CornHigh,4066.75,127.79,61776.25,532.74,164.94,14.09,20.63,.,34.72,121.40,50.39,18.03,133.63,35.82,558.93,-26.18,532.74
2019,108,1,30,COWwS,Soy,4127.04,.,301468.10,1246.37,99.48,14.09,68.89,.,82.98,0.00,50.88,.,127.33,35.82,396.49,849.87,1246.37
2019,110,1,20,CSSwSf,Soy,3860.68,.,301468.10,1165.93,99.48,14.09,68.89,.,82.98,0.00,50.88,.,127.33,35.82,396.49,769.44,1165.93
2019,113,1,34,CS,Soy,3453.77,.,301468.10,1043.04,99.48,14.09,68.89,.,82.98,0.00,50.88,.,127.33,35.82,396.49,646.55,1043.04
2019,117,1,12,CPWwS,Pea,3435.21,.,741315.00,721.39,34.10,14.09,.,55.54,69.63,0.00,50.88,.,127.33,35.82,317.76,403.64,721.39
2019,118,1,26,CSSwP,Pea,1989.50,.,741315.00,417.80,34.10,14.09,.,55.54,69.63,0.00,50.88,.,127.33,35.82,317.76,100.04,417.80
2019,120,1,11,CPWwS,Corn,7815.83,102.01,61776.25,1023.87,164.94,14.09,20.63,.,34.72,96.91,50.39,18.03,133.63,35.82,534.44,489.44,1023.87
2019,122,1,19,CSSwSf,Corn,8994.76,135.64,61776.25,1178.31,164.94,14.09,20.63,.,34.72,128.86,50.39,18.03,133.63,35.82,566.38,611.93,1178.31
2019,123,1,9,CPWwS,Wwheat,4709.58,102.01,3444448.00,758.24,37.89,14.09,18.55,14.09,46.73,96.91,45.32,18.03,78.79,53.73,377.41,380.83,758.24
2019,124,1,18,CSSwSf,Sun,2420.98,99.77,66718.35,1041.02,100.08,62.70,31.72,14.09,108.51,94.78,50.88,18.03,127.33,53.73,553.34,487.69,1041.02
2019,125,1,10,CPWwS,Soy,4161.10,.,301468.10,1256.65,99.48,14.09,68.89,.,82.98,0.00,50.88,.,127.33,35.82,396.49,860.16,1256.65
2019,129,1,32,COWwS,Oat,3606.23,117.71,3229170.00,699.61,45.21,14.09,11.89,14.09,40.07,111.82,45.32,18.03,78.79,53.73,392.98,306.63,699.61
2019,130,1,27,CSSwP,Corn,9601.24,102.01,61776.25,1257.76,164.94,14.09,20.63,.,34.72,96.91,50.39,18.03,133.63,35.82,534.44,723.33,1257.76
2019,131,1,25,CSSwP,Swheat,1496.08,86.32,3444448.00,258.82,41.33,.,11.89,55.54,67.43,82.00,45.32,18.03,78.79,35.82,368.74,-109.91,258.82
2019,132,1,31,COWwS,Corn,7802.53,102.01,61776.25,1022.13,164.94,14.09,20.63,.,34.72,96.91,50.39,18.03,133.63,35.82,534.44,487.70,1022.13
2019,133,1,33,CS,Corn,7421.18,102.01,61776.25,972.18,164.94,14.09,20.63,.,34.72,96.91,50.39,18.03,133.63,35.82,534.44,437.74,972.18
2019,136,1,17,CSSwSf,Swheat,1166.69,86.32,3444448.00,201.84,41.33,.,11.89,55.54,67.43,82.00,45.32,18.03,78.79,35.82,368.74,-166.90,201.84
2019,201,2,37,CCC,CornHigh,5808.33,127.79,61776.25,760.89,164.94,14.09,20.63,.,34.72,121.40,50.39,18.03,133.63,35.82,558.93,201.96,760.89
2019,204,2,31,COWwS,Corn,7865.59,102.01,61776.25,1030.39,164.94,14.09,20.63,.,34.72,96.91,50.39,18.03,133.63,35.82,534.44,495.96,1030.39
2019,205,2,18,CSSwSf,Sun,2955.96,99.77,66718.35,1271.06,100.08,62.70,31.72,14.09,108.51,94.78,50.88,18.03,127.33,53.73,553.34,717.73,1271.06
2019,206,2,11,CPWwS,Corn,7197.99,102.01,61776.25,942.94,164.94,14.09,20.63,.,34.72,96.91,50.39,18.03,133.63,35.82,534.44,408.50,942.94
2019,207,2,29,COWwS,Wwheat,3198.63,125.55,3444448.00,514.98,37.89,14.09,18.55,14.09,46.73,119.27,45.32,18.03,78.79,53.73,399.77,115.21,514.98
2019,209,2,17,CSSwSf,Swheat,1648.54,86.32,3444448.00,285.20,41.33,.,11.89,55.54,67.43,82.00,45.32,18.03,78.79,35.82,368.74,-83.54,285.20
2019,213,2,26,CSSwP,Pea,2429.19,.,741315.00,510.13,34.10,14.09,.,55.54,69.63,0.00,50.88,.,127.33,35.82,317.76,192.37,510.13
2019,217,2,25,CSSwP,Swheat,1987.65,86.32,3444448.00,343.86,41.33,.,11.89,55.54,67.43,82.00,45.32,18.03,78.79,35.82,368.74,-24.87,343.86
2019,220,2,33,CS,Corn,7168.02,102.01,61776.25,939.01,164.94,14.09,20.63,.,34.72,96.91,50.39,18.03,133.63,35.82,534.44,404.58,939.01
2019,221,2,10,CPWwS,Soy,4185.06,.,301468.10,1263.89,99.48,14.09,68.89,.,82.98,0.00,50.88,.,127.33,35.82,396.49,867.40,1263.89
2019,222,2,12,CPWwS,Pea,2088.18,.,741315.00,438.52,34.10,14.09,.,55.54,69.63,0.00,50.88,.,127.33,35.82,317.76,120.76,438.52
2019,223,2,30,COWwS,Soy,3946.49,.,301468.10,1191.84,99.48,14.09,68.89,.,82.98,0.00,50.88,.,127.33,35.82,396.49,795.35,1191.84
2019,227,2,27,CSSwP,Corn,7870.95,102.01,61776.25,1031.09,164.94,14.09,20.63,.,34.72,96.91,50.39,18.03,133.63,35.82,534.44,496.66,1031.09
2019,230,2,34,CS,Soy,3380.53,.,301468.10,1020.92,99.48,14.09,68.89,.,82.98,0.00,50.88,.,127.33,35.82,396.49,624.43,1020.92
2019,231,2,19,CSSwSf,Corn,8036.27,135.64,61776.25,1052.75,164.94,14.09,20.63,.,34.72,128.86,50.39,18.03,133.63,35.82,566.38,486.37,1052.75
2019,232,2,32,COWwS,Oat,3311.91,117.71,3229170.00,642.51,45.21,14.09,11.89,14.09,40.07,111.82,45.32,18.03,78.79,53.73,392.98,249.53,642.51
2019,233,2,28,CSSwP,Soy,2826.72,.,301468.10,853.67,99.48,14.09,68.89,.,82.98,0.00,50.88,.,127.33,35.82,396.49,457.18,853.67
2019,234,2,20,CSSwSf,Soy,3215.51,.,301468.10,971.08,99.48,14.09,68.89,.,82.98,0.00,50.88,.,127.33,35.82,396.49,574.59,971.08
2019,235,2,9,CPWwS,Wwheat,3478.37,102.01,3444448.00,560.02,37.89,14.09,18.55,14.09,46.73,96.91,45.32,18.03,78.79,53.73,377.41,182.61,560.02
2019,301,3,27,CSSwP,Corn,7785.17,102.01,61776.25,1019.86,164.94,14.09,20.63,.,34.72,96.91,50.39,18.03,133.63,35.82,534.44,485.42,1019.86
2019,302,3,10,CPWwS,Soy,4256.55,.,301468.10,1285.48,99.48,14.09,68.89,.,82.98,0.00,50.88,.,127.33,35.82,396.49,888.99,1285.48
2019,303,3,32,COWwS,Oat,3068.00,117.71,3229170.00,595.19,45.21,14.09,11.89,14.09,40.07,111.82,45.32,18.03,78.79,53.73,392.98,202.21,595.19
2019,304,3,11,CPWwS,Corn,7067.34,102.01,61776.25,925.82,164.94,14.09,20.63,.,34.72,96.91,50.39,18.03,133.63,35.82,534.44,391.39,925.82
2019,307,3,37,CCC,CornHigh,3687.27,127.79,61776.25,483.03,164.94,14.09,20.63,.,34.72,121.40,50.39,18.03,133.63,35.82,558.93,-75.90,483.03
2019,310,3,34,CS,Soy,1918.72,.,301468.10,579.45,99.48,14.09,68.89,.,82.98,0.00,50.88,.,127.33,35.82,396.49,182.96,579.45
2019,312,3,12,CPWwS,Pea,2307.45,.,741315.00,484.57,34.10,14.09,.,55.54,69.63,0.00,50.88,.,127.33,35.82,317.76,166.81,484.57
2019,313,3,20,CSSwSf,Soy,2476.62,.,301468.10,747.94,99.48,14.09,68.89,.,82.98,0.00,50.88,.,127.33,35.82,396.49,351.45,747.94
2019,314,3,26,CSSwP,Pea,2743.16,.,741315.00,576.06,34.10,14.09,.,55.54,69.63,0.00,50.88,.,127.33,35.82,317.76,258.30,576.06
2019,318,3,31,COWwS,Corn,7910.70,102.01,61776.25,1036.30,164.94,14.09,20.63,.,34.72,96.91,50.39,18.03,133.63,35.82,534.44,501.87,1036.30
2019,321,3,19,CSSwSf,Corn,7327.93,135.64,61776.25,959.96,164.94,14.09,20.63,.,34.72,128.86,50.39,18.03,133.63,35.82,566.38,393.57,959.96
2019,323,3,25,CSSwP,Swheat,1672.54,86.32,3444448.00,289.35,41.33,.,11.89,55.54,67.43,82.00,45.32,18.03,78.79,35.82,368.74,-79.39,289.35
2019,327,3,28,CSSwP,Soy,3761.94,.,301468.10,1136.11,99.48,14.09,68.89,.,82.98,0.00,50.88,.,127.33,35.82,396.49,739.61,1136.11
2019,328,3,30,COWwS,Soy,4111.57,.,301468.10,1241.69,99.48,14.09,68.89,.,82.98,0.00,50.88,.,127.33,35.82,396.49,845.20,1241.69
2019,330,3,29,COWwS,Wwheat,4115.01,125.55,3444448.00,662.52,37.89,14.09,18.55,14.09,46.73,119.27,45.32,18.03,78.79,53.73,399.77,262.74,662.52
2019,332,3,33,CS,Corn,6334.61,102.01,61776.25,829.83,164.94,14.09,20.63,.,34.72,96.91,50.39,18.03,133.63,35.82,534.44,295.40,829.83
2019,333,3,9,CPWwS,Wwheat,3906.94,102.01,3444448.00,629.02,37.89,14.09,18.55,14.09,46.73,96.91,45.32,18.03,78.79,53.73,377.41,251.61,629.02
2019,336,3,18,CSSwSf,Sun,2612.34,99.77,66718.35,1123.31,100.08,62.70,31.72,14.09,108.51,94.78,50.88,18.03,127.33,53.73,553.34,569.97,1123.31
2019,337,3,17,CSSwSf,Swheat,2144.04,86.32,3444448.00,370.92,41.33,.,11.89,55.54,67.43,82.00,45.32,18.03,78.79,35.82,368.74,2.18,370.92
2019,402,4,30,COWwS,Soy,4146.57,.,301468.10,1252.26,99.48,14.09,68.89,.,82.98,0.00,50.88,.,127.33,35.82,396.49,855.77,1252.26
2019,404,4,11,CPWwS,Corn,7066.45,102.01,61776.25,925.70,164.94,14.09,20.63,.,34.72,96.91,50.39,18.03,133.63,35.82,534.44,391.27,925.70
2019,406,4,17,CSSwSf,Swheat,1980.01,86.32,3444448.00,342.54,41.33,.,11.89,55.54,67.43,82.00,45.32,18.03,78.79,35.82,368.74,-26.19,342.54
2019,407,4,10,CPWwS,Soy,3625.87,.,301468.10,1095.01,99.48,14.09,68.89,.,82.98,0.00,50.88,.,127.33,35.82,396.49,698.52,1095.01
2019,408,4,12,CPWwS,Pea,3136.43,.,741315.00,658.65,34.10,14.09,.,55.54,69.63,0.00,50.88,.,127.33,35.82,317.76,340.89,658.65
2019,409,4,29,COWwS,Wwheat,3267.12,125.55,3444448.00,526.01,37.89,14.09,18.55,14.09,46.73,119.27,45.32,18.03,78.79,53.73,399.77,126.23,526.01
2019,411,4,25,CSSwP,Swheat,2281.06,86.32,3444448.00,394.62,41.33,.,11.89,55.54,67.43,82.00,45.32,18.03,78.79,35.82,368.74,25.89,394.62
2019,413,4,31,COWwS,Corn,6312.60,102.01,61776.25,826.95,164.94,14.09,20.63,.,34.72,96.91,50.39,18.03,133.63,35.82,534.44,292.51,826.95
2019,419,4,19,CSSwSf,Corn,6824.44,135.64,61776.25,894.00,164.94,14.09,20.63,.,34.72,128.86,50.39,18.03,133.63,35.82,566.38,327.62,894.00
2019,420,4,37,CCC,CornHigh,4350.36,127.79,61776.25,569.90,164.94,14.09,20.63,.,34.72,121.40,50.39,18.03,133.63,35.82,558.93,10.97,569.90
2019,421,4,9,CPWwS,Wwheat,3692.37,102.01,3444448.00,594.47,37.89,14.09,18.55,14.09,46.73,96.91,45.32,18.03,78.79,53.73,377.41,217.06,594.47
2019,422,4,27,CSSwP,Corn,7491.22,102.01,61776.25,981.35,164.94,14.09,20.63,.,34.72,96.91,50.39,18.03,133.63,35.82,534.44,446.91,981.35
2019,423,4,32,COWwS,Oat,3181.59,117.71,3229170.00,617.23,45.21,14.09,11.89,14.09,40.07,111.82,45.32,18.03,78.79,53.73,392.98,224.25,617.23
2019,426,4,26,CSSwP,Pea,2179.92,.,741315.00,457.78,34.10,14.09,.,55.54,69.63,0.00,50.88,.,127.33,35.82,317.76,140.02,457.78
2019,427,4,34,CS,Soy,2625.42,.,301468.10,792.88,99.48,14.09,68.89,.,82.98,0.00,50.88,.,127.33,35.82,396.49,396.39,792.88
2019,430,4,18,CSSwSf,Sun,2507.22,99.77,66718.35,1078.10,100.08,62.70,31.72,14.09,108.51,94.78,50.88,18.03,127.33,53.73,553.34,524.77,1078.10
2019,431,4,28,CSSwP,Soy,3156.46,.,301468.10,953.25,99.48,14.09,68.89,.,82.98,0.00,50.88,.,127.33,35.82,396.49,556.76,953.25
2019,432,4,20,CSSwSf,Soy,2573.18,.,301468.10,777.10,99.48,14.09,68.89,.,82.98,0.00,50.88,.,127.33,35.82,396.49,380.61,777.10
2019,434,4,33,CS,Corn,7232.63,102.01,61776.25,947.47,164.94,14.09,20.63,.,34.72,96.91,50.39,18.03,133.63,35.82,534.44,413.04,947.47
2020,104,1,29,COWwS,Soy,3663.62,.,301468.10,1384.85,102.50,28.26,33.20,.,61.46,0.00,48.78,.,129.18,33.10,375.02,1009.83,1384.85
2020,105,1,28,CSSwP,Swheat,1392.04,86.32,3444448.00,265.88,41.33,28.26,19.02,40.18,87.46,69.92,44.21,16.18,75.09,49.65,383.84,-117.96,265.88
2020,106,1,37,CCC,CornHigh,1101.55,127.79,61776.25,189.47,166.18,42.41,14.69,.,57.10,103.51,51.13,16.18,131.77,33.10,558.97,-369.50,189.47
2020,108,1,30,COWwS,Corn,7970.97,104.81,61776.25,1371.01,166.18,42.41,14.69,.,57.10,84.90,51.13,16.18,131.77,33.10,540.36,830.65,1371.01
2020,110,1,20,CSSwSf,Swheat,2010.48,86.32,3444448.00,384.00,41.33,28.26,19.02,40.18,87.46,69.92,44.21,16.18,75.09,49.65,383.84,0.16,384.00
2020,113,1,34,CS,Corn,6321.05,104.81,61776.25,1087.22,166.18,42.41,14.69,.,57.10,84.90,51.13,16.18,131.77,33.10,540.36,546.86,1087.22
2020,117,1,12,CPWwS,Wwheat,4376.95,102.01,3444448.00,779.10,37.89,14.09,.,9.00,23.09,82.63,44.21,16.18,75.09,33.10,312.18,466.91,779.10
2020,118,1,26,CSSwP,Corn,10944.85,104.81,61776.25,1882.51,166.18,42.41,14.69,.,57.10,84.90,51.13,16.18,131.77,33.10,540.36,1342.16,1882.51
2020,120,1,11,CPWwS,Pea,1704.52,.,741315.00,392.04,34.10,61.31,.,27.20,88.52,0.00,48.78,.,129.18,33.10,333.68,58.36,392.04
2020,122,1,19,CSSwSf,Soy,3802.09,.,301468.10,1437.19,102.50,28.26,33.20,.,61.46,0.00,48.78,.,129.18,33.10,375.02,1062.17,1437.19
2020,123,1,9,CPWwS,Soy,3926.56,.,301468.10,1484.24,102.50,28.26,33.20,.,61.46,0.00,48.78,.,129.18,33.10,375.02,1109.22,1484.24
2020,124,1,18,CSSwSf,Corn,7251.95,134.52,61776.25,1247.33,166.18,42.41,14.69,.,57.10,108.96,51.13,16.18,131.77,33.10,564.42,682.92,1247.33
2020,125,1,10,CPWwS,Corn,6459.62,104.81,61776.25,1111.05,166.18,42.41,14.69,.,57.10,84.90,51.13,16.18,131.77,33.10,540.36,570.70,1111.05
2020,129,1,32,COWwS,Wwheat,5012.05,133.40,3444448.00,892.15,37.89,14.09,.,9.00,23.09,108.05,44.21,16.18,75.09,33.10,337.61,554.54,892.15
2020,130,1,27,CSSwP,Soy,3936.37,.,301468.10,1487.95,102.50,28.26,33.20,.,61.46,0.00,48.78,.,129.18,33.10,375.02,1112.93,1487.95
2020,131,1,25,CSSwP,Pea,2095.02,.,741315.00,481.85,34.10,61.31,.,27.20,88.52,0.00,48.78,.,129.18,33.10,333.68,148.18,481.85
2020,132,1,31,COWwS,Oat,3635.07,117.71,3229170.00,665.22,41.98,28.26,19.02,27.20,74.48,95.34,44.21,16.18,75.09,49.65,396.93,268.29,665.22
2020,133,1,33,CS,Soy,2847.11,.,301468.10,1076.21,102.50,28.26,33.20,.,61.46,0.00,48.78,.,129.18,33.10,375.02,701.19,1076.21
2020,136,1,17,CSSwSf,Sun,2319.89,109.86,66718.35,1043.95,103.41,47.67,.,.,47.67,88.98,48.78,16.18,129.18,16.55,450.76,593.19,1043.95
2020,201,2,37,CCC,CornHigh,4388.40,127.79,61776.25,754.80,166.18,42.41,14.69,.,57.10,103.51,51.13,16.18,131.77,33.10,558.97,195.83,754.80
2020,204,2,31,COWwS,Oat,3248.42,117.71,3229170.00,594.46,41.98,28.26,19.02,27.20,74.48,95.34,44.21,16.18,75.09,49.65,396.93,197.53,594.46
2020,205,2,18,CSSwSf,Corn,6955.11,134.52,61776.25,1196.28,166.18,42.41,14.69,.,57.10,108.96,51.13,16.18,131.77,33.10,564.42,631.86,1196.28
2020,206,2,11,CPWwS,Pea,768.74,.,741315.00,176.81,34.10,61.31,.,27.20,88.52,0.00,48.78,.,129.18,33.10,333.68,-156.87,176.81
2020,207,2,29,COWwS,Soy,4710.35,.,301468.10,1780.51,102.50,28.26,33.20,.,61.46,0.00,48.78,.,129.18,33.10,375.02,1405.49,1780.51
2020,209,2,17,CSSwSf,Sun,2667.38,109.86,66718.35,1200.32,103.41,47.67,.,.,47.67,88.98,48.78,16.18,129.18,16.55,450.76,749.56,1200.32
2020,213,2,26,CSSwP,Corn,10907.60,104.81,61776.25,1876.11,166.18,42.41,14.69,.,57.10,84.90,51.13,16.18,131.77,33.10,540.36,1335.75,1876.11
2020,217,2,25,CSSwP,Pea,1736.13,.,741315.00,399.31,34.10,61.31,.,27.20,88.52,0.00,48.78,.,129.18,33.10,333.68,65.63,399.31
2020,220,2,33,CS,Soy,3248.78,.,301468.10,1228.04,102.50,28.26,33.20,.,61.46,0.00,48.78,.,129.18,33.10,375.02,853.02,1228.04
2020,221,2,10,CPWwS,Corn,8131.47,104.81,61776.25,1398.61,166.18,42.41,14.69,.,57.10,84.90,51.13,16.18,131.77,33.10,540.36,858.26,1398.61
2020,222,2,12,CPWwS,Wwheat,3441.27,102.01,3444448.00,612.55,37.89,14.09,.,9.00,23.09,82.63,44.21,16.18,75.09,33.10,312.18,300.36,612.55
2020,223,2,30,COWwS,Corn,7481.94,104.81,61776.25,1286.89,166.18,42.41,14.69,.,57.10,84.90,51.13,16.18,131.77,33.10,540.36,746.54,1286.89
2020,227,2,27,CSSwP,Soy,3341.04,.,301468.10,1262.91,102.50,28.26,33.20,.,61.46,0.00,48.78,.,129.18,33.10,375.02,887.89,1262.91
2020,230,2,34,CS,Corn,5975.27,104.81,61776.25,1027.75,166.18,42.41,14.69,.,57.10,84.90,51.13,16.18,131.77,33.10,540.36,487.39,1027.75
2020,231,2,19,CSSwSf,Soy,3858.19,.,301468.10,1458.39,102.50,28.26,33.20,.,61.46,0.00,48.78,.,129.18,33.10,375.02,1083.37,1458.39
2020,232,2,32,COWwS,Wwheat,4180.92,133.40,3444448.00,744.20,37.89,14.09,.,9.00,23.09,108.05,44.21,16.18,75.09,33.10,337.61,406.59,744.20
2020,233,2,28,CSSwP,Swheat,3754.96,86.32,3444448.00,717.20,41.33,28.26,19.02,40.18,87.46,69.92,44.21,16.18,75.09,49.65,383.84,333.36,717.20
2020,234,2,20,CSSwSf,Swheat,3852.49,86.32,3444448.00,735.83,41.33,28.26,19.02,40.18,87.46,69.92,44.21,16.18,75.09,49.65,383.84,351.98,735.83
2020,235,2,9,CPWwS,Soy,3720.99,.,301468.10,1406.53,102.50,28.26,33.20,.,61.46,0.00,48.78,.,129.18,33.10,375.02,1031.52,1406.53
2020,301,3,27,CSSwP,Soy,4653.59,.,301468.10,1759.06,102.50,28.26,33.20,.,61.46,0.00,48.78,.,129.18,33.10,375.02,1384.04,1759.06
2020,302,3,10,CPWwS,Corn,9212.06,104.81,61776.25,1584.47,166.18,42.41,14.69,.,57.10,84.90,51.13,16.18,131.77,33.10,540.36,1044.12,1584.47
2020,303,3,32,COWwS,Wwheat,4278.70,133.40,3444448.00,761.61,37.89,14.09,.,9.00,23.09,108.05,44.21,16.18,75.09,33.10,337.61,424.00,761.61
2020,304,3,11,CPWwS,Pea,1350.01,.,741315.00,310.50,34.10,61.31,.,27.20,88.52,0.00,48.78,.,129.18,33.10,333.68,-23.18,310.50
2020,307,3,37,CCC,CornHigh,1274.47,127.79,61776.25,219.21,166.18,42.41,14.69,.,57.10,103.51,51.13,16.18,131.77,33.10,558.97,-339.76,219.21
2020,310,3,34,CS,Corn,6106.88,104.81,61776.25,1050.38,166.18,42.41,14.69,.,57.10,84.90,51.13,16.18,131.77,33.10,540.36,510.03,1050.38
2020,312,3,12,CPWwS,Wwheat,4106.23,102.01,3444448.00,730.91,37.89,14.09,.,9.00,23.09,82.63,44.21,16.18,75.09,33.10,312.18,418.72,730.91
2020,313,3,20,CSSwSf,Swheat,3076.67,86.32,3444448.00,587.64,41.33,28.26,19.02,40.18,87.46,69.92,44.21,16.18,75.09,49.65,383.84,203.80,587.64
2020,314,3,26,CSSwP,Corn,8938.88,104.81,61776.25,1537.49,166.18,42.41,14.69,.,57.10,84.90,51.13,16.18,131.77,33.10,540.36,997.13,1537.49
2020,318,3,31,COWwS,Oat,3340.45,117.71,3229170.00,611.30,41.98,28.26,19.02,27.20,74.48,95.34,44.21,16.18,75.09,49.65,396.93,214.37,611.30
2020,321,3,19,CSSwSf,Soy,3328.97,.,301468.10,1258.35,102.50,28.26,33.20,.,61.46,0.00,48.78,.,129.18,33.10,375.02,883.33,1258.35
2020,323,3,25,CSSwP,Pea,1915.35,.,741315.00,440.53,34.10,61.31,.,27.20,88.52,0.00,48.78,.,129.18,33.10,333.68,106.85,440.53
2020,327,3,28,CSSwP,Swheat,3058.94,86.32,3444448.00,584.26,41.33,28.26,19.02,40.18,87.46,69.92,44.21,16.18,75.09,49.65,383.84,200.42,584.26
2020,328,3,30,COWwS,Corn,8397.72,104.81,61776.25,1444.41,166.18,42.41,14.69,.,57.10,84.90,51.13,16.18,131.77,33.10,540.36,904.05,1444.41
2020,330,3,29,COWwS,Soy,4347.32,.,301468.10,1643.29,102.50,28.26,33.20,.,61.46,0.00,48.78,.,129.18,33.10,375.02,1268.27,1643.29
2020,332,3,33,CS,Soy,3508.81,.,301468.10,1326.33,102.50,28.26,33.20,.,61.46,0.00,48.78,.,129.18,33.10,375.02,951.31,1326.33
2020,333,3,9,CPWwS,Soy,4455.07,.,301468.10,1684.02,102.50,28.26,33.20,.,61.46,0.00,48.78,.,129.18,33.10,375.02,1309.00,1684.02
2020,336,3,18,CSSwSf,Corn,10042.90,134.52,61776.25,1727.38,166.18,42.41,14.69,.,57.10,108.96,51.13,16.18,131.77,33.10,564.42,1162.96,1727.38
2020,337,3,17,CSSwSf,Sun,1943.15,109.86,66718.35,874.42,103.41,47.67,.,.,47.67,88.98,48.78,16.18,129.18,16.55,450.76,423.66,874.42
2020,402,4,30,COWwS,Corn,9370.26,104.81,61776.25,1611.68,166.18,42.41,14.69,.,57.10,84.90,51.13,16.18,131.77,33.10,540.36,1071.33,1611.68
2020,404,4,11,CPWwS,Pea,1445.61,.,741315.00,332.49,34.10,61.31,.,27.20,88.52,0.00,48.78,,129.18,33.10,333.68,-1.19,332.49
2020,406,4,17,CSSwSf,Sun,2506.66,109.86,66718.35,1128.00,103.41,47.67,.,.,47.67,88.98,48.78,16.18,129.18,16.55,450.76,677.23,1128.00
2020,407,4,10,CPWwS,Corn,8281.58,104.81,61776.25,1424.43,166.18,42.41,14.69,.,57.10,84.90,51.13,16.18,131.77,33.10,540.36,884.08,1424.43
2020,408,4,12,CPWwS,Wwheat,3311.67,102.01,3444448.00,589.48,37.89,14.09,.,9.00,23.09,82.63,44.21,16.18,75.09,33.10,312.18,277.29,589.48
2020,409,4,29,COWwS,Soy,3891.83,.,301468.10,1471.11,102.50,28.26,33.20,.,61.46,0.00,48.78,.,129.18,33.10,375.02,1096.09,1471.11
2020,411,4,25,CSSwP,Pea,2271.87,.,741315.00,522.53,34.10,61.31,.,27.20,88.52,0.00,48.78,.,129.18,33.10,333.68,188.85,522.53
2020,413,4,31,COWwS,Oat,2849.75,117.71,3229170.00,521.50,41.98,28.26,19.02,27.20,74.48,95.34,44.21,16.18,75.09,49.65,396.93,124.57,521.50
2020,419,4,19,CSSwSf,Soy,3002.80,.,301468.10,1135.06,102.50,28.26,33.20,.,61.46,0.00,48.78,,129.18,33.10,375.02,760.04,1135.06
2020,420,4,37,CCC,CornHigh,2351.80,127.79,61776.25,404.51,166.18,42.41,14.69,.,57.10,103.51,51.13,16.18,131.77,33.10,558.97,-154.46,404.51
2020,421,4,9,CPWwS,Soy,4446.53,.,301468.10,1680.79,102.50,28.26,33.20,.,61.46,0.00,48.78,.,129.18,33.10,375.02,1305.77,1680.79
2020,422,4,27,CSSwP,Soy,3407.48,.,301468.10,1288.03,102.50,28.26,33.20,.,61.46,0.00,48.78,.,129.18,33.10,375.02,913.01,1288.03
2020,423,4,32,COWwS,Wwheat,2743.92,133.40,3444448.00,488.42,37.89,14.09,.,9.00,23.09,108.05,44.21,16.18,75.09,33.10,337.61,150.81,488.42
2020,426,4,26,CSSwP,Corn,9329.59,104.81,61776.25,1604.69,166.18,42.41,14.69,.,57.10,84.90,51.13,16.18,131.77,33.10,540.36,1064.33,1604.69
2020,427,4,34,CS,Corn,7220.17,104.81,61776.25,1241.87,166.18,42.41,14.69,.,57.10,84.90,51.13,16.18,131.77,33.10,540.36,701.51,1241.87
2020,430,4,18,CSSwSf,Corn,7668.18,134.52,61776.25,1318.93,166.18,42.41,14.69,.,57.10,108.96,51.13,16.18,131.77,33.10,564.42,754.51,1318.93
2020,431,4,28,CSSwP,Swheat,4247.05,86.32,3444448.00,811.19,41.33,28.26,19.02,40.18,87.46,69.92,44.21,16.18,75.09,49.65,383.84,427.35,811.19
2020,432,4,20,CSSwSf,Swheat,4100.75,86.32,3444448.00,783.24,41.33,28.26,19.02,40.18,87.46,69.92,44.21,16.18,75.09,49.65,383.84,399.40,783.24
2020,434,4,33,CS,Soy,2666.46,.,301468.10,1007.92,102.50,28.26,33.20,.,61.46,0.00,48.78,.,129.18,33.10,375.02,632.90,1007.92
